filename,gender
CFD-LF-213-079-N.jpg,1
CFD-BF-051-038-HC.jpg,1
CFD-BM-038-001-N.jpg,0
CFD-WF-021-013-F.jpg,1
CFD-BF-020-016-HC.jpg,1
CFD-BF-038-009-HC.jpg,1
CFD-AM-253-161-N.jpg,0
CFD-BM-040-032-HC.jpg,0
CFD-WM-029-023-N.jpg,0
CFD-WF-034-016-A.jpg,1
CFD-LF-245-166-N.jpg,1
CFD-AF-210-050-N.jpg,1
CFD-BM-045-004-N.jpg,0
CFD-WM-041-023-HC.jpg,0
CFD-WF-021-002-N.jpg,1
CFD-BM-010-019-A.jpg,0
CFD-BF-033-031-HO.jpg,1
CFD-BF-040-003-N.jpg,1
CFD-LM-244-068-N.jpg,0
CFD-AF-250-200-N.jpg,1
CFD-BM-025-045-A.jpg,0
CFD-WF-251-014-N.jpg,1
CFD-WM-002-017-A.jpg,0
CFD-BF-025-018-HC.jpg,1
CFD-WF-001-009-HO.jpg,1
CFD-BF-050-004-HO.jpg,1
CFD-BF-021-013-N.jpg,1
CFD-WF-013-009-HC.jpg,1
CFD-BF-002-001-N.jpg,1
CFD-BF-048-005-HO.jpg,1
CFD-BM-228-145-N.jpg,0
CFD-LF-224-176-N.jpg,1
CFD-WM-222-057-N.jpg,0
CFD-WM-031-038-HC.jpg,0
CFD-WM-227-099-N.jpg,0
CFD-WM-256-138-N.jpg,0
CFD-WM-023-007-HC.jpg,0
CFD-WM-004-011-A.jpg,0
CFD-BF-040-051-A.jpg,1
CFD-BF-033-028-N.jpg,1
CFD-AM-233-236-N.jpg,0
CFD-LF-200-058-N.jpg,1
CFD-WF-014-002-N.jpg,1
CFD-BF-021-015-HC.jpg,1
CFD-BM-252-161-N.jpg,0
CFD-BF-223-250-N.jpg,1
CFD-AM-217-085-N.jpg,0
CFD-WF-001-016-A.jpg,1
CFD-BM-034-033-HO.jpg,0
CFD-WF-216-079-N.jpg,1
CFD-AM-242-176-N.jpg,0
CFD-BM-244-197-N.jpg,0
CFD-BF-221-223-N.jpg,1
CFD-BF-018-040-HO.jpg,1
CFD-BM-030-004-HO.jpg,0
CFD-BF-032-043-HO.jpg,1
CFD-WF-027-015-F.jpg,1
CFD-BM-249-235-N.jpg,0
CFD-LM-246-087-N.jpg,0
CFD-BM-002-011-HC.jpg,0
CFD-WF-017-016-HC.jpg,1
CFD-WF-212-050-N.jpg,1
CFD-WM-022-012-F.jpg,0
CFD-WM-025-008-A.jpg,0
CFD-WF-002-025-F.jpg,1
CFD-BF-015-025-F.jpg,1
CFD-WM-026-019-A.jpg,0
CFD-BF-013-005-HC.jpg,1
CFD-BM-003-021-HO.jpg,0
CFD-BM-240-207-N.jpg,0
CFD-LF-232-199-N.jpg,1
CFD-AM-224-126-N.jpg,0
CFD-WM-254-152-N.jpg,0
CFD-BM-022-004-HC.jpg,0
CFD-BF-028-029-F.jpg,1
CFD-BF-043-038-A.jpg,1
CFD-BF-016-019-HC.jpg,1
CFD-BF-034-044-F.jpg,1
CFD-WM-038-018-F.jpg,0
CFD-WF-030-031-HC.jpg,1
CFD-WF-015-014-A.jpg,1
CFD-BF-029-049-F.jpg,1
CFD-BM-037-036-HO.jpg,0
CFD-BM-011-016-N.jpg,0
CFD-BF-243-164-N.jpg,1
CFD-BM-001-011-HO.jpg,0
CFD-WF-243-148-N.jpg,1
CFD-BM-242-233-N.jpg,0
CFD-BM-044-051-F.jpg,0
CFD-LM-241-125-N.jpg,0
CFD-WM-022-001-N.jpg,0
CFD-BM-203-001-N.jpg,0
CFD-BF-040-010-HC.jpg,1
CFD-BF-018-044-F.jpg,1
CFD-LM-217-162-N.jpg,0
CFD-BM-202-063-N.jpg,0
CFD-BF-216-132-N.jpg,1
CFD-WF-019-015-A.jpg,1
CFD-WF-027-021-HO.jpg,1
CFD-WM-201-063-N.jpg,0
CFD-WF-229-004-N.jpg,1
CFD-BF-011-011-A.jpg,1
CFD-WF-205-006-N.jpg,1
CFD-LM-220-329-N.jpg,0
CFD-WF-035-024-N.jpg,1
CFD-LF-206-078-N.jpg,1
CFD-BM-037-041-A.jpg,0
CFD-WM-223-056-N.jpg,0
CFD-BM-002-013-N.jpg,0
CFD-LF-246-129-N.jpg,1
CFD-WF-039-025-N.jpg,1
CFD-WM-024-010-A.jpg,0
CFD-WF-014-004-HO.jpg,1
CFD-WM-012-005-HO.jpg,0
CFD-BM-002-002-F.jpg,0
CFD-BF-006-017-N.jpg,1
CFD-WM-204-031-N.jpg,0
CFD-BF-014-004-HO.jpg,1
CFD-WM-037-033-HC.jpg,0
CFD-BM-033-029-HO.jpg,0
CFD-BF-239-180-N.jpg,1
CFD-AF-213-126-N.jpg,1
CFD-WF-029-026-A.jpg,1
CFD-WM-224-197-N.jpg,0
CFD-WF-217-085-N.jpg,1
CFD-BM-018-004-HC.jpg,0
CFD-BF-041-004-HO.jpg,1
CFD-WF-012-017-F.jpg,1
CFD-WF-207-014-N.jpg,1
CFD-AM-223-138-N.jpg,0
CFD-BF-044-011-HC.jpg,1
CFD-BM-024-018-A.jpg,0
CFD-WF-247-065-N.jpg,1
CFD-WF-001-003-N.jpg,1
CFD-WF-231-099-N.jpg,1
CFD-BF-038-026-F.jpg,1
CFD-WF-204-038-N.jpg,1
CFD-BF-006-008-HC.jpg,1
CFD-AF-252-135-N.jpg,1
CFD-AF-205-155-N.jpg,1
CFD-WF-022-019-HO.jpg,1
CFD-WF-016-021-A.jpg,1
CFD-AM-212-050-N.jpg,0
CFD-BF-217-189-N.jpg,1
CFD-WF-039-032-A.jpg,1
CFD-WM-021-004-HO.jpg,0
CFD-WM-013-006-HO.jpg,0
CFD-BF-038-037-N.jpg,1
CFD-WF-225-101-N.jpg,1
CFD-AM-202-079-N.jpg,0
CFD-WF-023-020-HO.jpg,1
CFD-WF-035-033-A.jpg,1
CFD-WM-001-011-HO.jpg,0
CFD-AM-246-184-N.jpg,0
CFD-WF-038-033-F.jpg,1
CFD-BM-214-075-N.jpg,0
CFD-WF-030-026-F.jpg,1
CFD-BM-021-021-N.jpg,0
CFD-BF-206-143-N.jpg,1
CFD-WM-017-005-HO.jpg,0
CFD-BM-020-024-HC.jpg,0
CFD-WF-239-155-N.jpg,1
CFD-LM-238-129-N.jpg,0
CFD-BF-030-009-HC.jpg,1
CFD-WM-041-009-A.jpg,0
CFD-BM-025-035-N.jpg,0
CFD-WM-025-019-HO.jpg,0
CFD-WF-012-002-N.jpg,1
CFD-BF-011-002-N.jpg,1
CFD-WF-006-002-N.jpg,1
CFD-BM-032-024-N.jpg,0
CFD-AM-208-143-N.jpg,0
CFD-BM-024-113-HC.jpg,0
CFD-BF-210-130-N.jpg,1
CFD-BM-025-040-HO.jpg,0
CFD-WM-257-161-N.jpg,0
CFD-BM-026-017-A.jpg,0
CFD-AF-256-160-N.jpg,1
CFD-BM-013-004-HO.jpg,0
CFD-BM-033-003-N.jpg,0
CFD-BF-049-039-A.jpg,1
CFD-BM-043-072-HC.jpg,0
CFD-BF-035-007-HC.jpg,1
CFD-WF-018-012-A.jpg,1
CFD-WF-248-129-N.jpg,1
CFD-BM-021-029-F.jpg,0
CFD-WM-037-034-HO.jpg,0
CFD-WM-033-006-HC.jpg,0
CFD-AF-206-079-N.jpg,1
CFD-BM-046-063-F.jpg,0
CFD-BM-044-001-N.jpg,0
CFD-LM-250-077-N.jpg,0
CFD-BF-030-002-N.jpg,1
CFD-WF-029-023-HC.jpg,1
CFD-LM-233-171-N.jpg,0
CFD-BM-037-033-N.jpg,0
CFD-LF-221-002-N.jpg,1
CFD-WM-237-052-N.jpg,0
CFD-WM-009-002-N.jpg,0
CFD-WF-033-031-A.jpg,1
CFD-BM-017-064-F.jpg,0
CFD-AF-231-357-N.jpg,1
CFD-WM-013-019-F.jpg,0
CFD-AM-220-134-N.jpg,0
CFD-LM-237-264-N.jpg,0
CFD-WF-226-095-N.jpg,1
CFD-WM-208-068-N.jpg,0
CFD-WF-007-005-HC.jpg,1
CFD-BM-234-172-N.jpg,0
CFD-WF-007-001-N.jpg,1
CFD-BF-010-001-N.jpg,1
CFD-BM-251-013-N.jpg,0
CFD-WM-251-002-N.jpg,0
CFD-BF-011-004-HO.jpg,1
CFD-BM-021-022-HO.jpg,0
CFD-AF-203-077-N.jpg,1
CFD-BM-248-128-N.jpg,0
CFD-WM-229-129-N.jpg,0
CFD-WM-016-008-A.jpg,0
CFD-BF-024-002-N.jpg,1
CFD-WF-033-002-N.jpg,1
CFD-BM-039-037-A.jpg,0
CFD-BF-028-020-HC.jpg,1
CFD-AF-217-155-N.jpg,1
CFD-BF-201-080-N.jpg,1
CFD-WF-039-008-HC.jpg,1
CFD-LM-248-089-N.jpg,0
CFD-BF-019-022-HO.jpg,1
CFD-BM-009-006-HC.jpg,0
CFD-WF-016-017-HC.jpg,1
CFD-WM-035-018-A.jpg,0
CFD-BM-011-019-HC.jpg,0
CFD-WF-013-003-N.jpg,1
CFD-AF-245-143-N.jpg,1
CFD-BF-028-001-N.jpg,1
CFD-AF-232-078-N.jpg,1
CFD-LM-224-162-N.jpg,0
CFD-BM-206-114-N.jpg,0
CFD-BF-023-014-F.jpg,1
CFD-BF-047-004-HC.jpg,1
CFD-WM-041-021-N.jpg,0
CFD-BM-026-002-N.jpg,0
CFD-WM-025-002-N.jpg,0
CFD-BF-048-038-A.jpg,1
CFD-AF-253-130-N.jpg,1
CFD-BF-202-109-N.jpg,1
CFD-LM-222-239-N.jpg,0
CFD-LM-234-176-N.jpg,0
CFD-AF-222-134-N.jpg,1
CFD-LF-219-223-N.jpg,1
CFD-BM-217-082-N.jpg,0
CFD-LF-248-160-N.jpg,1
CFD-AF-230-193-N.jpg,1
CFD-BM-009-003-HO.jpg,0
CFD-WF-033-005-HO.jpg,1
CFD-WF-037-029-N.jpg,1
CFD-BM-022-027-HO.jpg,0
CFD-WF-001-010-HC.jpg,1
CFD-WM-028-007-HO.jpg,0
CFD-BF-252-191-N.jpg,1
CFD-LM-235-231-N.jpg,0
CFD-WM-215-041-N.jpg,0
CFD-BM-013-002-N.jpg,0
CFD-BM-227-191-N.jpg,0
CFD-WF-022-017-N.jpg,1
CFD-BF-012-020-HC.jpg,1
CFD-LM-230-202-N.jpg,0
CFD-BM-020-037-A.jpg,0
CFD-WM-244-003-N.jpg,0
CFD-WF-007-029-A.jpg,1
CFD-WM-249-239-N.jpg,0
CFD-WM-023-015-F.jpg,0
CFD-BM-023-039-F.jpg,0
CFD-WF-230-158-N.jpg,1
CFD-BF-230-189-N.jpg,1
CFD-BM-205-001-N.jpg,0
CFD-WF-006-011-F.jpg,1
CFD-WF-210-086-N.jpg,1
CFD-WF-252-159-N.jpg,1
CFD-WM-029-014-A.jpg,0
CFD-WM-040-022-N.jpg,0
CFD-BM-027-001-N.jpg,0
CFD-AM-250-149-N.jpg,0
CFD-AM-247-165-N.jpg,0
CFD-WF-020-012-A.jpg,1
CFD-BM-033-032-A.jpg,0
CFD-WM-035-032-N.jpg,0
CFD-WF-033-035-F.jpg,1
CFD-BM-012-018-N.jpg,0
CFD-BF-017-011-A.jpg,1
CFD-BF-039-008-HC.jpg,1
CFD-BF-004-009-HO.jpg,1
CFD-WM-009-006-HC.jpg,0
CFD-WM-040-033-F.jpg,0
CFD-WF-005-022-A.jpg,1
CFD-BM-032-015-A.jpg,0
CFD-WF-012-004-HC.jpg,1
CFD-WF-233-112-N.jpg,1
CFD-WM-034-027-F.jpg,0
CFD-AF-207-023-N.jpg,1
CFD-BF-228-212-N.jpg,1
CFD-BF-032-058-F.jpg,1
CFD-BF-209-172-N.jpg,1
CFD-WM-033-007-HO.jpg,0
CFD-WM-014-024-F.jpg,0
CFD-BF-009-008-HC.jpg,1
CFD-BM-033-026-HC.jpg,0
CFD-LM-219-295-N.jpg,0
CFD-BF-010-015-F.jpg,1
CFD-WM-034-040-A.jpg,0
CFD-WF-017-023-A.jpg,1
CFD-BM-018-007-HO.jpg,0
CFD-WM-018-007-A.jpg,0
CFD-BM-046-042-HC.jpg,0
CFD-WF-038-030-A.jpg,1
CFD-BF-226-119-N.jpg,1
CFD-BM-036-045-F.jpg,0
CFD-BF-049-042-F.jpg,1
CFD-BF-034-005-HO.jpg,1
CFD-WM-009-009-A.jpg,0
CFD-AM-234-355-N.jpg,0
CFD-AM-225-102-N.jpg,0
CFD-BF-011-005-HC.jpg,1
CFD-WF-020-002-N.jpg,1
CFD-LF-255-088-N.jpg,1
CFD-AM-203-086-N.jpg,0
CFD-WM-016-002-HO.jpg,0
CFD-WF-034-033-HO.jpg,1
CFD-WF-213-031-N.jpg,1
CFD-BM-019-002-N.jpg,0
CFD-BM-213-134-N.jpg,0
CFD-WM-241-072-N.jpg,0
CFD-AF-242-158-N.jpg,1
CFD-WM-025-018-HC.jpg,0
CFD-BM-018-001-N.jpg,0
CFD-BF-003-016-A.jpg,1
CFD-BM-253-004-N.jpg,0
CFD-WF-023-026-F.jpg,1
CFD-BF-008-012-A.jpg,1
CFD-LM-236-163-N.jpg,0
CFD-BF-010-003-HO.jpg,1
CFD-BM-016-036-N.jpg,0
CFD-BF-234-167-N.jpg,1
CFD-WF-003-025-F.jpg,1
CFD-BM-208-065-N.jpg,0
CFD-BF-207-004-N.jpg,1
CFD-WM-032-004-HO.jpg,0
CFD-BF-049-032-N.jpg,1
CFD-WM-217-070-N.jpg,0
CFD-WM-011-011-A.jpg,0
CFD-WM-032-021-F.jpg,0
CFD-BF-008-007-HC.jpg,1
CFD-AF-201-060-N.jpg,1
CFD-BM-019-004-HO.jpg,0
CFD-BM-250-170-N.jpg,0
CFD-BM-029-020-F.jpg,0
CFD-AM-245-111-N.jpg,0
CFD-LF-204-133-N.jpg,1
CFD-BF-007-004-HO.jpg,1
CFD-WF-022-023-A.jpg,1
CFD-BM-043-014-A.jpg,0
CFD-LM-226-175-N.jpg,0
CFD-BF-024-030-F.jpg,1
CFD-WM-031-032-F.jpg,0
CFD-BF-015-022-A.jpg,1
CFD-WF-236-107-N.jpg,1
CFD-BF-211-168-N.jpg,1
CFD-AF-219-106-N.jpg,1
CFD-WM-017-002-N.jpg,0
CFD-BM-016-042-A.jpg,0
CFD-BF-019-023-A.jpg,1
CFD-WF-036-030-HC.jpg,1
CFD-BM-020-001-N.jpg,0
CFD-BF-043-004-HO.jpg,1
CFD-BF-232-187-N.jpg,1
CFD-WF-037-024-F.jpg,1
CFD-LF-207-198-N.jpg,1
CFD-WM-003-003-HO.jpg,0
CFD-WF-017-015-HO.jpg,1
CFD-WM-029-009-HC.jpg,0
CFD-AF-228-173-N.jpg,1
CFD-AM-229-224-N.jpg,0
CFD-WM-023-001-N.jpg,0
CFD-LM-216-082-N.jpg,0
CFD-WM-023-004-HO.jpg,0
CFD-WM-003-006-HC.jpg,0
CFD-BF-024-003-HC.jpg,1
CFD-BF-004-008-HC.jpg,1
CFD-WM-014-004-HO.jpg,0
CFD-WM-026-006-HO.jpg,0
CFD-WM-040-023-HO.jpg,0
CFD-BF-246-170-N.jpg,1
CFD-WM-003-002-N.jpg,0
CFD-WF-026-008-A.jpg,1
CFD-LM-251-073-N.jpg,0
CFD-AM-226-234-N.jpg,0
CFD-LF-209-072-N.jpg,1
CFD-WM-214-026-N.jpg,0
CFD-LM-204-001-N.jpg,0
CFD-WF-012-012-A.jpg,1
CFD-BF-017-003-N.jpg,1
CFD-BF-218-207-N.jpg,1
CFD-BM-030-065-F.jpg,0
CFD-AF-220-107-N.jpg,1
CFD-BF-036-027-N.jpg,1
CFD-BM-041-035-N.jpg,0
CFD-BF-025-005-HO.jpg,1
CFD-BF-041-001-N.jpg,1
CFD-BM-218-132-N.jpg,0
CFD-BM-232-213-N.jpg,0
CFD-WF-038-027-HC.jpg,1
CFD-WF-021-016-HO.jpg,1
CFD-AF-214-139-N.jpg,1
CFD-BF-048-006-HC.jpg,1
CFD-BF-051-037-HO.jpg,1
CFD-WM-236-072-N.jpg,0
CFD-WM-009-014-F.jpg,0
CFD-BF-039-039-A.jpg,1
CFD-BF-236-177-N.jpg,1
CFD-BF-025-011-A.jpg,1
CFD-BF-019-025-F.jpg,1
CFD-LM-243-075-N.jpg,0
CFD-LF-235-219-N.jpg,1
CFD-BF-245-178-N.jpg,1
CFD-WM-231-112-N.jpg,0
CFD-BF-044-044-A.jpg,1
CFD-WF-028-026-A.jpg,1
CFD-WF-013-006-HO.jpg,1
CFD-AM-207-108-N.jpg,0
CFD-WF-039-005-HO.jpg,1
CFD-WF-024-006-HO.jpg,1
CFD-WM-243-107-N.jpg,0
CFD-WF-018-013-F.jpg,1
CFD-LM-239-075-N.jpg,0
CFD-WM-016-001-N.jpg,0
CFD-BF-039-033-HO.jpg,1
CFD-WF-016-024-F.jpg,1
CFD-WF-224-099-N.jpg,1
CFD-BF-003-003-N.jpg,1
CFD-WM-037-025-N.jpg,0
CFD-WM-034-035-HO.jpg,0
CFD-WM-006-039-F.jpg,0
CFD-WF-020-023-HO.jpg,1
CFD-WF-033-041-HC.jpg,1
CFD-BM-015-014-F.jpg,0
CFD-WM-022-008-A.jpg,0
CFD-BF-006-018-F.jpg,1
CFD-AF-227-207-N.jpg,1
CFD-BM-215-155-N.jpg,0
CFD-BF-035-023-F.jpg,1
CFD-BF-037-026-HO.jpg,1
CFD-BF-018-019-A.jpg,1
CFD-WM-234-118-N.jpg,0
CFD-WM-017-011-A.jpg,0
CFD-BM-024-104-F.jpg,0
CFD-BF-017-016-F.jpg,1
CFD-WF-034-028-F.jpg,1
CFD-BM-204-003-N.jpg,0
CFD-WF-012-007-HO.jpg,1
CFD-BF-021-014-HO.jpg,1
CFD-WM-210-057-N.jpg,0
CFD-WM-001-014-N.jpg,0
CFD-WF-211-001-N.jpg,1
CFD-BF-039-022-F.jpg,1
CFD-AM-201-076-N.jpg,0
CFD-BF-016-018-HO.jpg,1
CFD-BM-041-041-HO.jpg,0
CFD-WM-034-030-N.jpg,0
CFD-WM-235-147-N.jpg,0
CFD-WF-240-083-N.jpg,1
CFD-WM-230-131-N.jpg,0
CFD-WM-031-003-N.jpg,0
CFD-WM-023-012-A.jpg,0
CFD-AM-232-251-N.jpg,0
CFD-BF-018-041-HC.jpg,1
CFD-LF-247-051-N.jpg,1
CFD-BF-012-018-F.jpg,1
CFD-WM-006-022-A.jpg,0
CFD-WF-019-005-N.jpg,1
CFD-BF-020-020-F.jpg,1
CFD-BF-005-001-N.jpg,1
CFD-LF-212-066-N.jpg,1
CFD-BF-220-161-N.jpg,1
CFD-BF-051-035-N.jpg,1
CFD-WF-028-019-F.jpg,1
CFD-BM-015-012-A.jpg,0
CFD-BM-019-049-F.jpg,0
CFD-WF-038-021-N.jpg,1
CFD-WM-022-005-HO.jpg,0
CFD-WM-206-045-N.jpg,0
CFD-BF-036-032-HC.jpg,1
CFD-WM-015-005-HO.jpg,0
CFD-BF-025-002-N.jpg,1
CFD-BF-037-013-A.jpg,1
CFD-WF-016-015-N.jpg,1
CFD-BM-226-276-N.jpg,0
CFD-LF-252-172-N.jpg,1
CFD-WM-003-008-A.jpg,0
CFD-BM-045-057-HC.jpg,0
CFD-BF-038-004-HO.jpg,1
CFD-WF-013-015-A.jpg,1
CFD-WF-026-002-N.jpg,1
CFD-BF-023-013-A.jpg,1
CFD-BF-031-002-N.jpg,1
CFD-WM-238-020-N.jpg,0
CFD-BM-239-136-N.jpg,0
CFD-BF-047-003-N.jpg,1
CFD-AM-241-287-N.jpg,0
CFD-WM-211-054-N.jpg,0
CFD-BM-023-006-HO.jpg,0
CFD-BF-001-026-A.jpg,1
CFD-AF-215-70-N.jpg,1
CFD-BM-023-029-N.jpg,0
CFD-BF-049-034-HO.jpg,1
CFD-BF-012-019-HO.jpg,1
CFD-BF-051-043-A.jpg,1
CFD-BF-225-192-N.jpg,1
CFD-WM-034-032-HC.jpg,0
CFD-WF-005-010-N.jpg,1
CFD-BF-013-026-F.jpg,1
CFD-AM-214-168-N.jpg,0
CFD-LM-201-057-N.jpg,0
CFD-LM-203-026-N.jpg,0
CFD-BF-037-022-N.jpg,1
CFD-AF-221-147-N.jpg,1
CFD-BF-014-021-F.jpg,1
CFD-WF-010-008-HC.jpg,1
CFD-BF-237-172-N.jpg,1
CFD-WF-014-012-A.jpg,1
CFD-BM-025-004-HC.jpg,0
CFD-LF-242-121-N.jpg,1
CFD-BM-038-017-F.jpg,0
CFD-BF-047-055-F.jpg,1
CFD-AM-238-269-N.jpg,0
CFD-LF-241-188-N.jpg,1
CFD-BF-014-005-HC.jpg,1
CFD-WM-028-003-N.jpg,0
CFD-WF-201-156-N.jpg,1
CFD-WM-012-026-F.jpg,0
CFD-WF-008-005-HC.jpg,1
CFD-WF-031-045-F.jpg,1
CFD-WM-010-001-N.jpg,0
CFD-BF-204-189-N.jpg,1
CFD-LF-220-120-N.jpg,1
CFD-BF-200-080-N.jpg,1
CFD-AF-255-209-N.jpg,1
CFD-WM-233-106-N.jpg,0
CFD-WF-246-087-N.jpg,1
CFD-WF-027-014-A.jpg,1
CFD-WF-023-021-HC.jpg,1
CFD-WM-024-007-HC.jpg,0
CFD-WM-039-004-HC.jpg,0
CFD-BF-007-024-F.jpg,1
CFD-BM-020-016-F.jpg,0
CFD-WM-016-005-HC.jpg,0
CFD-BF-009-002-N.jpg,1
CFD-WF-015-006-N.jpg,1
CFD-WM-015-023-F.jpg,0
CFD-WF-036-040-F.jpg,1
CFD-LF-237-190-N.jpg,1
CFD-BM-013-016-A.jpg,0
CFD-BM-018-012-A.jpg,0
CFD-WF-034-061-HC.jpg,1
CFD-BF-250-121-N.jpg,1
CFD-LF-234-139-N.jpg,1
CFD-WM-245-123-N.jpg,0
CFD-WM-020-003-HO.jpg,0
CFD-BF-008-001-N.jpg,1
CFD-LM-221-216-N.jpg,0
CFD-AM-243-212-N.jpg,0
CFD-WF-029-018-F.jpg,1
CFD-BM-011-020-A.jpg,0
CFD-BF-002-004-HO.jpg,1
CFD-WF-034-006-N.jpg,1
CFD-WM-011-002-N.jpg,0
CFD-WF-014-009-HC.jpg,1
CFD-BM-030-041-A.jpg,0
CFD-WM-038-007-HC.jpg,0
CFD-BF-039-031-N.jpg,1
CFD-WF-237-067-N.jpg,1
CFD-AM-204-122-N.jpg,0
CFD-WF-005-027-F.jpg,1
CFD-BM-247-240-N.jpg,0
CFD-WF-009-006-HC.jpg,1
CFD-AF-238-185-N.jpg,1
CFD-BF-044-034-N.jpg,1
CFD-BM-021-009-HC.jpg,0
CFD-BM-212-117-N.jpg,0
CFD-WF-031-005-HO.jpg,1
CFD-BF-045-062-HO.jpg,1
CFD-WF-027-003-N.jpg,1
CFD-BM-024-061-HO.jpg,0
CFD-LM-229-187-N.jpg,0
CFD-BM-201-077-N.jpg,0
CFD-WM-028-029-A.jpg,0
CFD-AM-213-056-N.jpg,0
CFD-WM-010-016-A.jpg,0
CFD-WM-253-119-N.jpg,0
CFD-BF-016-020-A.jpg,1
CFD-WF-007-003-HO.jpg,1
CFD-WF-011-016-F.jpg,1
CFD-BF-023-012-HC.jpg,1
CFD-AF-240-206-N.jpg,1
CFD-AM-215-120-N.jpg,0
CFD-WF-030-003-HO.jpg,1
CFD-BM-038-007-HO.jpg,0
CFD-AM-227-184-N.jpg,0
CFD-BF-044-007-HO.jpg,1
CFD-WF-002-008-HC.jpg,1
CFD-BF-247-179-N.jpg,1
CFD-WM-039-008-HO.jpg,0
CFD-BM-236-248-N.jpg,0
CFD-BM-221-198-N.jpg,0
CFD-BF-003-007-HC.jpg,1
CFD-BF-009-006-HO.jpg,1
CFD-WM-039-018-N.jpg,0
CFD-BF-038-029-A.jpg,1
CFD-WF-223-133-N.jpg,1
CFD-BF-241-222-N.jpg,1
CFD-LF-217-082-N.jpg,1
CFD-BF-035-001-N.jpg,1
CFD-BM-229-209-N.jpg,0
CFD-WM-207-048-N.jpg,0
CFD-WM-019-006-HC.jpg,0
CFD-WM-004-005-HC.jpg,0
CFD-WM-029-020-F.jpg,0
CFD-BM-238-242-N.jpg,0
CFD-BF-042-036-F.jpg,1
CFD-WM-001-007-HC.jpg,0
CFD-BF-229-179-N.jpg,1
CFD-BM-043-071-N.jpg,0
CFD-BF-009-024-A.jpg,1
CFD-WM-040-007-A.jpg,0
CFD-LF-202-065-N.jpg,1
CFD-WM-020-012-F.jpg,0
CFD-BF-007-013-A.jpg,1
CFD-BF-030-023-F.jpg,1
CFD-WF-025-031-F.jpg,1
CFD-BF-214-308-N.jpg,1
CFD-BF-029-046-A.jpg,1
CFD-LF-203-066-N.jpg,1
CFD-WF-031-009-HC.jpg,1
CFD-AM-251-124-N.jpg,0
CFD-BM-036-007-HC.jpg,0
CFD-BF-021-016-A.jpg,1
CFD-BF-007-006-HC.jpg,1
CFD-WM-017-019-F.jpg,0
CFD-WM-017-003-HC.jpg,0
CFD-BF-050-012-A.jpg,1
CFD-BF-015-006-HO.jpg,1
CFD-LF-253-003-N.jpg,1
CFD-WM-202-107-N.jpg,0
CFD-BF-027-013-HC.jpg,1
CFD-BM-231-155-N.jpg,0
CFD-BM-039-044-F.jpg,0
CFD-BF-034-002-N.jpg,1
CFD-BF-020-002-N.jpg,1
CFD-WF-010-004-N.jpg,1
CFD-WM-036-034-HO.jpg,0
CFD-WF-235-121-N.jpg,1
CFD-BM-025-051-F.jpg,0
CFD-WF-015-022-HO.jpg,1
CFD-WF-202-056-N.jpg,1
CFD-WM-018-005-HC.jpg,0
CFD-WF-209-052-N.jpg,1
CFD-BF-047-046-A.jpg,1
CFD-BF-027-016-F.jpg,1
CFD-LM-228-188-N.jpg,0
CFD-WF-003-007-HC.jpg,1
CFD-BM-034-040-A.jpg,0
CFD-LM-211-128-N.jpg,0
CFD-BF-025-020-F.jpg,1
CFD-AF-241-141-N.jpg,1
CFD-WF-232-161-N.jpg,1
CFD-WF-228-196-N.jpg,1
CFD-BF-034-031-HC.jpg,1
CFD-LF-229-164-N.jpg,1
CFD-WF-017-012-F.jpg,1
CFD-WF-018-018-HO.jpg,1
CFD-WM-026-004-HC.jpg,0
CFD-BM-015-017-HC.jpg,0
CFD-WM-219-008-N.jpg,0
CFD-BF-255-140-N.jpg,1
CFD-WF-017-003-N.jpg,1
CFD-WM-036-047-F.jpg,0
CFD-AM-218-085-N.jpg,0
CFD-BF-212-315-N.jpg,1
CFD-BM-029-026-HC.jpg,0
CFD-LF-211-003-N.jpg,1
CFD-LF-226-174-N.jpg,1
CFD-AM-235-241-N.jpg,0
CFD-BM-209-088-N.jpg,0
CFD-LM-212-143-N.jpg,0
CFD-WM-220-068-N.jpg,0
CFD-WM-252-224-N.jpg,0
CFD-BM-028-012-A.jpg,0
CFD-BM-002-007-HO.jpg,0
CFD-BF-006-012-A.jpg,1
CFD-WF-003-003-N.jpg,1
CFD-BF-042-028-HO.jpg,1
CFD-WM-242-011-N.jpg,0
CFD-BM-219-141-N.jpg,0
CFD-BM-044-037-HO.jpg,0
CFD-BM-237-188-N.jpg,0
CFD-BF-011-021-F.jpg,1
CFD-LM-215-247-N.jpg,0
CFD-LM-232-204-N.jpg,0
CFD-WF-008-016-F.jpg,1
CFD-BF-010-019-A.jpg,1
CFD-BM-034-025-F.jpg,0
CFD-WF-009-015-F.jpg,1
CFD-WF-021-006-HC.jpg,1
CFD-WM-209-038-N.jpg,0
CFD-WM-020-001-N.jpg,0
CFD-BM-002-016-A.jpg,0
CFD-BF-019-001-N.jpg,1
CFD-WM-010-007-HC.jpg,0
CFD-AF-251-093-N.jpg,1
CFD-LF-249-132-N.jpg,1
CFD-BF-249-091-N.jpg,1
CFD-WF-025-023-HC.jpg,1
CFD-BF-020-017-A.jpg,1
CFD-WM-002-007-HO.jpg,0
CFD-WF-037-034-HC.jpg,1
CFD-WM-225-127-N.jpg,0
CFD-WM-024-015-N.jpg,0
CFD-WF-242-001-N.jpg,1
CFD-BF-036-046-F.jpg,1
CFD-WM-014-002-N.jpg,0
CFD-WF-002-033-A.jpg,1
CFD-WM-015-009-HC.jpg,0
CFD-BF-005-005-HO.jpg,1
CFD-WF-218-087-N.jpg,1
CFD-BF-021-012-F.jpg,1
CFD-LM-225-130-N.jpg,0
CFD-AF-249-092-N.jpg,1
CFD-WM-002-009-N.jpg,0
CFD-WF-016-003-HO.jpg,1
CFD-WF-003-014-A.jpg,1
CFD-BF-253-202-N.jpg,1
CFD-BF-041-018-F.jpg,1
CFD-BM-016-030-F.jpg,0
CFD-WM-035-033-HO.jpg,0
CFD-BF-047-028-HO.jpg,1
CFD-BM-009-009-F.jpg,0
CFD-WM-019-013-A.jpg,0
CFD-WM-011-003-HO.jpg,0
CFD-WF-002-004-N.jpg,1
CFD-BF-015-004-N.jpg,1
CFD-AM-206-086-N.jpg,0
CFD-BM-034-035-HC.jpg,0
CFD-BF-048-013-F.jpg,1
CFD-AM-210-035-N.jpg,0
CFD-BF-012-001-N.jpg,1
CFD-WF-007-026-F.jpg,1
CFD-BF-001-018-HO.jpg,1
CFD-WM-011-019-F.jpg,0
CFD-BF-035-009-A.jpg,1
CFD-WM-014-008-HC.jpg,0
CFD-BM-211-174-N.jpg,0
CFD-WM-032-014-A.jpg,0
CFD-BF-048-002-N.jpg,1
CFD-WM-039-010-A.jpg,0
CFD-BM-010-003-N.jpg,0
CFD-WF-021-018-A.jpg,1
CFD-WM-006-013-HC.jpg,0
CFD-WF-215-145-N.jpg,1
CFD-BF-013-003-HO.jpg,1
CFD-BF-033-016-A.jpg,1
CFD-WM-031-004-HO.jpg,0
CFD-WM-035-036-HC.jpg,0
CFD-WF-023-013-A.jpg,1
CFD-BM-017-035-A.jpg,0
CFD-WM-011-006-HC.jpg,0
CFD-WF-014-023-F.jpg,1
CFD-BM-022-022-N.jpg,0
CFD-AF-236-145-N.jpg,1
CFD-WF-020-007-HC.jpg,1
CFD-BF-050-003-N.jpg,1
CFD-BF-042-031-HC.jpg,1
CFD-BF-031-020-A.jpg,1
CFD-BM-031-004-HO.jpg,0
CFD-WF-036-023-N.jpg,1
CFD-BF-004-002-F.jpg,1
CFD-AM-248-104-N.jpg,0
CFD-BM-026-006-HC.jpg,0
CFD-BF-049-036-HC.jpg,1
CFD-BM-216-088-N.jpg,0
CFD-BF-005-010-HC.jpg,1
CFD-WF-010-013-F.jpg,1
CFD-WM-024-019-F.jpg,0
CFD-AF-224-026-N.jpg,1
CFD-BF-050-036-F.jpg,1
CFD-AM-221-184-N.jpg,0
CFD-LM-242-002-N.jpg,0
CFD-BM-001-014-N.jpg,0
CFD-AF-239-171-N.jpg,1
CFD-WF-219-038-N.jpg,1
CFD-BF-017-007-HC.jpg,1
CFD-BM-031-030-A.jpg,0
CFD-WF-018-017-N.jpg,1
CFD-AF-235-170-N.jpg,1
CFD-BM-045-055-HO.jpg,0
CFD-WF-025-015-A.jpg,1
CFD-BM-223-171-N.jpg,0
CFD-BF-036-030-HO.jpg,1
CFD-WM-248-036-N.jpg,0
CFD-AF-248-148-N.jpg,1
CFD-WF-031-015-A.jpg,1
CFD-LM-200-045-N.jpg,0
CFD-BM-037-088-F.jpg,0
CFD-LM-214-165-N.jpg,0
CFD-LF-231-260-N.jpg,1
CFD-AM-205-153-N.jpg,0
CFD-BF-009-019-F.jpg,1
CFD-BM-245-164-N.jpg,0
CFD-BM-031-003-N.jpg,0
CFD-BM-021-026-A.jpg,0
CFD-AF-233-190-N.jpg,1
CFD-BF-203-184-N.jpg,1
CFD-BF-233-116-N.jpg,1
CFD-WM-014-013-A.jpg,0
CFD-WM-006-002-N.jpg,0
CFD-WM-038-011-A.jpg,0
CFD-WF-010-006-HO.jpg,1
CFD-WF-238-023-N.jpg,1
CFD-WM-026-001-N.jpg,0
CFD-BF-037-043-F.jpg,1
CFD-BF-035-027-HO.jpg,1
CFD-BM-011-013-F.jpg,0
CFD-BM-230-232-N.jpg,0
CFD-BF-244-231-N.jpg,1
CFD-WM-035-028-F.jpg,0
CFD-WF-026-024-F.jpg,1
CFD-WF-024-003-N.jpg,1
CFD-WF-221-005-N.jpg,1
CFD-WF-200-099-N.jpg,1
CFD-AM-219-101-N.jpg,0
CFD-BF-002-022-F.jpg,1
CFD-WM-019-017-F.jpg,0
CFD-BF-040-043-HO.jpg,1
CFD-BM-003-031-F.jpg,0
CFD-AF-218-157-N.jpg,1
CFD-BM-016-040-HO.jpg,0
CFD-BM-039-029-N.jpg,0
CFD-WM-032-001-N.jpg,0
CFD-BM-210-148-N.jpg,0
CFD-BF-248-149-N.jpg,1
CFD-WF-025-019-N.jpg,1
CFD-BF-034-035-A.jpg,1
CFD-LF-218-072-N.jpg,1
CFD-BF-032-017-A.jpg,1
CFD-AM-239-147-N.jpg,0
CFD-BM-001-007-F.jpg,0
CFD-BM-036-037-A.jpg,0
CFD-BF-042-034-A.jpg,1
CFD-BF-018-039-N.jpg,1
CFD-LM-223-175-N.jpg,0
CFD-WM-240-125-N.jpg,0
CFD-WM-013-001-N.jpg,0
CFD-AM-244-222-N.jpg,0
CFD-BF-235-168-N.jpg,1
CFD-BM-019-045-A.jpg,0
CFD-BF-040-081-F.jpg,1
CFD-WM-038-005-HO.jpg,0
CFD-BF-254-201-N.jpg,1
CFD-LF-208-127-N.jpg,1
CFD-BM-029-024-N.jpg,0
CFD-WF-009-004-HO.jpg,1
CFD-BM-019-008-HC.jpg,0
CFD-BF-013-017-A.jpg,1
CFD-AM-237-154-N.jpg,0
CFD-BF-041-038-HC.jpg,1
CFD-BM-043-076-HO.jpg,0
CFD-WM-036-031-N.jpg,0
CFD-WM-032-008-HC.jpg,0
CFD-BF-008-018-F.jpg,1
CFD-BF-016-017-N.jpg,1
CFD-BF-043-015-F.jpg,1
CFD-WF-035-027-HO.jpg,1
CFD-WF-028-024-HO.jpg,1
CFD-BM-018-040-F.jpg,0
CFD-LF-201-035-N.jpg,1
CFD-BF-002-006-HC.jpg,1
CFD-WF-026-017-HO.jpg,1
CFD-AM-228-214-N.jpg,0
CFD-WM-012-015-A.jpg,0
CFD-WF-022-014-F.jpg,1
CFD-BM-046-048-A.jpg,0
CFD-BM-031-034-F.jpg,0
CFD-WM-004-010-N.jpg,0
CFD-AF-234-208-N.jpg,1
CFD-WF-035-030-HC.jpg,1
CFD-WF-024-029-A.jpg,1
CFD-BF-027-006-HO.jpg,1
CFD-WF-013-019-F.jpg,1
CFD-WM-037-060-A.jpg,0
CFD-WF-208-068-N.jpg,1
CFD-BF-051-029-F.jpg,1
CFD-LM-231-214-N.jpg,0
CFD-BM-022-030-A.jpg,0
CFD-AF-229-160-N.jpg,1
CFD-BM-040-002-N.jpg,0
CFD-BF-045-051-F.jpg,1
CFD-BF-032-006-HC.jpg,1
CFD-WM-250-157-N.jpg,0
CFD-BM-036-003-N.jpg,0
CFD-WM-002-008-HC.jpg,0
CFD-BM-200-046-N.jpg,0
CFD-WM-022-003-HC.jpg,0
CFD-AF-202-122-N.jpg,1
CFD-AM-240-191-N.jpg,0
CFD-BF-014-002-N.jpg,1
CFD-BF-001-009-F.jpg,1
CFD-WF-036-015-A.jpg,1
CFD-WM-216-061-N.jpg,0
CFD-BM-001-022-A.jpg,0
CFD-WM-010-004-HO.jpg,0
CFD-BF-033-033-HC.jpg,1
CFD-AF-223-183-N.jpg,1
CFD-WF-024-010-HC.jpg,1
CFD-BM-028-031-HC.jpg,0
CFD-LF-225-164-N.jpg,1
CFD-BM-031-009-HC.jpg,0
CFD-WF-244-163-N.jpg,1
CFD-WM-029-029-HO.jpg,0
CFD-BF-001-025-N.jpg,1
CFD-BF-251-211-N.jpg,1
CFD-BF-238-190-N.jpg,1
CFD-BM-040-030-HO.jpg,0
CFD-AF-209-006-N.jpg,1
CFD-AF-200-228-N.jpg,1
CFD-BF-023-010-N.jpg,1
CFD-WF-019-024-F.jpg,1
CFD-WF-038-023-HO.jpg,1
CFD-LF-254-125-N.jpg,1
CFD-AM-249-163-N.jpg,0
CFD-BM-029-029-HO.jpg,0
CFD-BM-033-038-F.jpg,0
CFD-BM-233-285-N.jpg,0
CFD-WF-008-011-A.jpg,1
CFD-WM-228-065-N.jpg,0
CFD-WM-018-002-N.jpg,0
CFD-AF-216-106-N.jpg,1
CFD-AF-237-223-N.jpg,1
CFD-LM-213-061-N.jpg,0
CFD-BF-036-020-A.jpg,1
CFD-BM-010-004-HO.jpg,0
CFD-BM-003-003-N.jpg,0
CFD-BM-028-050-F.jpg,0
CFD-WF-214-122-N.jpg,1
CFD-WF-036-026-HO.jpg,1
CFD-LF-233-277-N.jpg,1
CFD-BM-003-030-A.jpg,0
CFD-WF-037-016-A.jpg,1
CFD-WF-024-031-F.jpg,1
CFD-WF-019-035-HO.jpg,1
CFD-BM-044-038-HC.jpg,0
CFD-AM-211-052-N.jpg,0
CFD-WM-025-022-F.jpg,0
CFD-AF-211-066-N.jpg,1
CFD-WM-031-045-A.jpg,0
CFD-BF-043-003-N.jpg,1
CFD-WM-015-017-A.jpg,0
CFD-AF-247-278-N.jpg,1
CFD-LF-251-057-N.jpg,1
CFD-AF-244-168-N.jpg,1
CFD-BF-231-202-N.jpg,1
CFD-WM-213-076-N.jpg,0
CFD-LF-215-157-N.jpg,1
CFD-LF-214-090-N.jpg,1
CFD-LM-247-095-N.jpg,0
CFD-LF-210-220-N.jpg,1
CFD-WF-003-004-HO.jpg,1
CFD-WF-028-023-N.jpg,1
CFD-BM-005-010-A.jpg,0
CFD-BM-037-038-HC.jpg,0
CFD-WF-206-147-N.jpg,1
CFD-BM-010-015-F.jpg,0
CFD-WM-012-007-HC.jpg,0
CFD-BF-042-026-N.jpg,1
CFD-BM-046-006-N.jpg,0
CFD-WM-036-037-HC.jpg,0
CFD-BF-008-003-HO.jpg,1
CFD-BF-029-038-HC.jpg,1
CFD-WM-020-005-HC.jpg,0
CFD-WF-020-027-F.jpg,1
CFD-WF-006-019-A.jpg,1
CFD-WF-006-006-HO.jpg,1
CFD-LF-227-054-N.jpg,1
CFD-BM-041-048-A.jpg,0
CFD-BF-045-068-A.jpg,1
CFD-WF-249-126-N.jpg,1
CFD-WF-039-044-F.jpg,1
CFD-WF-006-003-HC.jpg,1
CFD-BM-036-004-HO.jpg,0
CFD-WM-033-053-F.jpg,0
CFD-BF-045-064-HC.jpg,1
CFD-BF-222-240-N.jpg,1
CFD-BF-227-137-N.jpg,1
CFD-LF-222-147-N.jpg,1
CFD-BF-031-048-HC.jpg,1
CFD-WM-200-034-N.jpg,0
CFD-BF-032-038-N.jpg,1
CFD-WF-234-086-N.jpg,1
CFD-AM-231-136-N.jpg,0
CFD-BM-045-061-A.jpg,0
CFD-WF-028-025-HC.jpg,1
CFD-WM-205-007-N.jpg,0
CFD-WM-038-003-N.jpg,0
CFD-LM-249-001-N.jpg,0
CFD-BF-029-031-N.jpg,1
CFD-BF-027-008-A.jpg,1
CFD-WM-004-006-HO.jpg,0
CFD-WM-015-002-N.jpg,0
CFD-BF-023-003-HO.jpg,1
CFD-BF-044-049-F.jpg,1
CFD-WF-015-027-F.jpg,1
CFD-BM-009-008-A.jpg,0
CFD-BM-005-016-F.jpg,0
CFD-LM-206-204-N.jpg,0
CFD-BM-225-154-N.jpg,0
CFD-WF-009-010-A.jpg,1
CFD-WF-027-007-HC.jpg,1
CFD-WF-203-229-N.jpg,1
CFD-BF-005-022-F.jpg,1
CFD-BM-026-041-F.jpg,0
CFD-BM-039-031-HC.jpg,0
CFD-BM-032-039-F.jpg,0
CFD-BF-004-014-N.jpg,1
CFD-AM-216-114-N.jpg,0
CFD-WM-021-006-HC.jpg,0
CFD-AF-204-067-N.jpg,1
CFD-WM-010-020-F.jpg,0
CFD-WM-037-063-F.jpg,0
CFD-WM-019-003-N.jpg,0
CFD-WM-021-001-N.jpg,0
CFD-AF-254-167-N.jpg,1
CFD-BM-038-038-A.jpg,0
CFD-BM-039-034-HO.jpg,0
CFD-LF-244-096-N.jpg,1
CFD-LF-223-064-N.jpg,1
CFD-LF-238-154-N.jpg,1
CFD-WF-035-019-F.jpg,1
CFD-BF-006-006-HO.jpg,1
CFD-WM-239-128-N.jpg,0
CFD-WF-023-003-N.jpg,1
CFD-WM-013-008-HC.jpg,0
CFD-BF-003-004-HO.jpg,1
CFD-AM-209-048-N.jpg,0
CFD-WM-019-009-HO.jpg,0
CFD-WF-011-011-A.jpg,1
CFD-WF-001-027-F.jpg,1
CFD-BF-215-177-N.jpg,1
CFD-BM-005-005-HO.jpg,0
CFD-BM-038-004-HC.jpg,0
CFD-BF-024-024-A.jpg,1
CFD-WF-008-003-HO.jpg,1
CFD-BM-013-019-F.jpg,0
CFD-LM-209-111-N.jpg,0
CFD-BM-005-003-N.jpg,0
CFD-BF-007-001-N.jpg,1
CFD-BF-015-007-HC.jpg,1
CFD-BF-028-006-HO.jpg,1
CFD-BF-027-002-N.jpg,1
CFD-WF-030-002-N.jpg,1
CFD-BF-010-005-HC.jpg,1
CFD-BF-012-015-A.jpg,1
CFD-BM-022-014-F.jpg,0
CFD-BF-030-007-HO.jpg,1
CFD-BM-009-002-N.jpg,0
CFD-WF-011-003-HO.jpg,1
CFD-BF-045-003-N.jpg,1
CFD-BM-023-011-A.jpg,0
CFD-BM-013-014-HC.jpg,0
CFD-BF-031-051-HO.jpg,1
CFD-LF-216-121-N.jpg,1
CFD-BM-020-026-HO.jpg,0
CFD-WM-232-070-N.jpg,0
CFD-BM-017-052-HC.jpg,0
CFD-WF-011-006-HC.jpg,1
CFD-BF-219-137-N.jpg,1
CFD-BF-013-001-N.jpg,1
CFD-BM-017-021-N.jpg,0
CFD-WM-039-028-F.jpg,0
CFD-WM-033-014-A.jpg,0
CFD-WF-015-023-HC.jpg,1
CFD-WF-026-018-HC.jpg,1
CFD-WM-018-004-HO.jpg,0
CFD-BF-028-021-A.jpg,1
CFD-BF-213-188-N.jpg,1
CFD-BF-029-005-HO.jpg,1
CFD-AM-252-114-N.jpg,0
CFD-WM-024-003-HO.jpg,0
CFD-BF-005-020-A.jpg,1
CFD-WM-218-074-N.jpg,0
CFD-BM-032-007-HO.jpg,0
CFD-WM-020-008-A.jpg,0
CFD-BM-207-024-N.jpg,0
CFD-BF-224-002-N.jpg,1
CFD-WM-258-125-N.jpg,0
CFD-BM-224-073-N.jpg,0
CFD-WM-221-091-N.jpg,0
CFD-BM-030-003-N.jpg,0
CFD-BM-032-010-HC.jpg,0
CFD-LM-210-156-N.jpg,0
CFD-LM-240-013-N.jpg,0
CFD-BF-002-018-A.jpg,1
CFD-BF-240-179-N.jpg,1
CFD-BM-040-013-A.jpg,0
CFD-LF-205-100-N.jpg,1
CFD-BF-003-020-F.jpg,1
CFD-WM-212-097-N.jpg,0
CFD-LM-218-183-N.jpg,0
CFD-WF-227-002-N.jpg,1
CFD-BF-014-013-A.jpg,1
CFD-WF-011-002-N.jpg,1
CFD-AF-208-003-N.jpg,1
CFD-BM-046-039-HO.jpg,0
CFD-AM-230-150-N.jpg,0
CFD-WF-029-021-HO.jpg,1
CFD-BM-246-192-N.jpg,0
CFD-WM-247-084-N.jpg,0
CFD-BM-243-218-N.jpg,0
CFD-WF-022-007-HC.jpg,1
CFD-LF-228-125-N.jpg,1
CFD-BM-028-002-N.jpg,0
CFD-AM-236-090-N.jpg,0
CFD-WM-203-023-N.jpg,0
CFD-WM-028-005-HC.jpg,0
CFD-BF-208-266-N.jpg,1
CFD-BM-011-017-HO.jpg,0
CFD-BM-024-001-N.jpg,0
CFD-BF-041-047-A.jpg,1
CFD-BF-205-141-N.jpg,1
CFD-LM-227-103-N.jpg,0
CFD-BM-222-173-N.jpg,0
CFD-BM-004-002-N.jpg,0
CFD-LM-208-110-N.jpg,0
CFD-BM-026-009-HO.jpg,0
CFD-BF-050-008-HC.jpg,1
CFD-WF-245-084-N.jpg,1
CFD-BF-017-004-HO.jpg,1
CFD-BM-235-226-N.jpg,0
CFD-AF-226-251-N.jpg,1
CFD-WF-029-002-N.jpg,1
CFD-BF-020-004-HO.jpg,1
CFD-BF-001-021-HC.jpg,1
CFD-AF-225-141-N.jpg,1
CFD-LF-250-169-N.jpg,1
CFD-BM-045-045-F.jpg,0
CFD-BM-028-028-HO.jpg,0
CFD-WF-010-014-A.jpg,1
CFD-WM-004-002-F.jpg,0
CFD-LM-252-076-N.jpg,0
CFD-WF-009-001-N.jpg,1
CFD-WM-009-004-HO.jpg,0
CFD-BF-037-030-HC.jpg,1
CFD-BF-016-021-F.jpg,1
CFD-WF-008-002-N.jpg,1
CFD-BF-031-062-F.jpg,1
CFD-BF-242-154-N.jpg,1
CFD-LM-253-075-N.jpg,0
CFD-LM-207-004-N.jpg,0
CFD-BM-034-031-N.jpg,0
CFD-WM-006-010-HO.jpg,0
CFD-WF-250-167-N.jpg,1
CFD-BM-015-015-N.jpg,0
CFD-WF-220-101-N.jpg,1
CFD-WF-222-092-N.jpg,1
CFD-WF-025-006-HO.jpg,1
CFD-WF-030-033-A.jpg,1
CFD-LM-202-072-N.jpg,0
CFD-WM-013-015-A.jpg,0
CFD-BM-041-045-HC.jpg,0
CFD-BM-241-235-N.jpg,0
CFD-LF-230-203-N.jpg,1
CFD-BF-033-054-F.jpg,1
CFD-BF-004-021-A.jpg,1
CFD-LF-240-199-N.jpg,1
CFD-BM-030-008-HC.jpg,0
CFD-WF-005-013-HO.jpg,1
CFD-LF-236-221-N.jpg,1
CFD-BM-041-030-F.jpg,0
CFD-LF-243-175-N.jpg,1
CFD-BM-015-016-HO.jpg,0
CFD-WM-021-009-A.jpg,0
CFD-WF-018-019-HC.jpg,1
CFD-WM-026-013-F.jpg,0
CFD-BM-023-034-HC.jpg,0
CFD-WF-019-032-HC.jpg,1
CFD-WM-036-018-A.jpg,0
CFD-WM-033-025-N.jpg,0
CFD-WF-031-027-N.jpg,1
CFD-WM-012-001-N.jpg,0
CFD-WF-005-016-HC.jpg,1
CFD-BF-043-010-HC.jpg,1
CFD-AF-243-170-N.jpg,1
CFD-WM-255-219-N.jpg,0
CFD-WM-028-019-F.jpg,0
CFD-WM-040-025-HC.jpg,0
CFD-AF-246-242-N.jpg,1
CFD-LF-239-148-N.jpg,1
CFD-BF-024-005-HO.jpg,1
CFD-WF-241-210-N.jpg,1
CFD-AF-212-097-N.jpg,1
CFD-BF-019-004-HC.jpg,1
